"consumerID";"consumerSName"
6202348;"云***m"
7908805;"None"
13216040;"None"
13241391;"None"
16477808;"Y***天"
16986235;"j***9"
17930655;"M***胖"
25495348;"None"
25736859;"None"
29559001;"M***1"
41344074;"毛***贰"
44542087;"None"
45981419;"噢***o"
46956070;"l***z"
47758228;"y***2"
51424256;"None"
52796382;"w***1"
52841827;"None"
56364392;"时***0"
59001786;"None"
61873174;"None"
66942997;"k***斌"
71229313;"None"
72068830;"None"
79233066;"两***店"
79611317;"a***9"
80048613;"a***1"
80458542;"啦***岁"
83964366;"s***d"
85097754;"None"
88263159;"None"
89900930;"潘***峰"
92935391;"None"
95036212;"M***7"
95919054;"None"
96551634;"司***殇"
97316144;"摩***嘣"
97482896;"None"
103490509;"None"
104991331;"None"
112054278;"None"
112137972;"R***2"
122029528;"None"
123243183;"None"
123675833;"None"
124956645;"None"
125589032;"u***2"
126260417;"笙***月"
131106181;"r***4"
133188039;"h***1"
133685092;"豆***宝"
137350478;"爱***菇"
140407826;"y***0"
141962128;"Z***h"
145850858;"H***7"
150903097;"None"
160981893;"k***3"
163534107;"李***4"
164384802;"None"
169198582;"n***4"
175341143;"None"
176169380;"A***5"
177861148;"None"
178865847;"None"
190530607;"n***2"
190691019;"None"
192425525;"宠***曦"
192926961;"L***8"
198193785;"None"
207573770;"None"
210610943;"萱***贝"
213369571;"None"
221844209;"爱***h"
226949745;"周***鱻"
229177683;"None"
236615908;"None"
252145501;"None"
254328988;"c***6"
254659998;"李***i"
258343905;"None"
266504833;"None"
269248793;"B***1"
280571031;"止***境"
282203093;"None"
286356590;"None"
288879752;"None"
289066061;"一***3"
291355037;"X***5"
294986943;"None"
295888825;"闲***丶"
301541948;"l***7"
303664951;"None"
305022080;"None"
307154500;"纯***西"
322959982;"v***8"
336441483;"你***、"
339029016;"None"
350119969;"J***5"
362257266;"None"
386620535;"a***4"
394671858;"猫***。"
404437199;"帆***。"
405549340;"None"
415269236;"None"
445094891;"s***4"
445556557;"None"
466681557;"None"
476973696;"T***吖"
491387138;"None"
516406250;"乃***戊"
549299431;"None"
552514357;"None"
559901953;"O***O"
563050789;"None"
590033887;"飘***擦"
597217928;"T***0"
598588265;"小***y"
608899866;"如***0"
618076793;"None"
623382092;"None"
633453551;"好***Q"
644964910;"M***9"
648123990;"v***8"
660483334;"F***7"
663380246;"None"
668510292;"None"
671737707;"Y***2"
677971169;"陈***女"
698185477;"None"
707036396;"F***4"
713267756;"None"
713435782;"P***～"
713480716;"None"
714187547;"I***0"
717091544;"None"
718398401;"p***7"
727916623;"None"
734609984;"None"
734654322;"None"
742432481;"None"
742920807;"超***糖"
747985516;"s***2"
748429845;"t***8"
751011440;"None"
751985121;"None"
758128023;"j***6"
764136497;"None"
766355251;"。***2"
767727162;"o***3"
768265797;"小***哒"
771827164;"None"
777141211;"w***0"
780188493;"None"
785107816;"h***c"
787437844;"H***3"
792947677;"None"
795663409;"None"
795731835;"None"
799046599;"q***8"
805328136;"F***5"
813289061;"None"
814070922;"None"
814241940;"C***4"
819034392;"i***a"
826224125;"h***5"
827090368;"B***9"
831407153;"None"
844567288;"t***7"
865451070;"None"
865964932;"None"
869107059;"None"
870925071;"…***8"
874844720;"不***2"
876625524;"m***8"
902147445;"A***5"
904706627;"n***8"
914230203;"一***i"
916710890;"F***2"
922994433;"O***6"
929839308;"None"
931799966;"O***4"
944719673;"None"
971211713;"i***3"
976071662;"p***9"
987206155;"趣***m"
988311783;"N***」"
998415690;"哒***·"
1013819406;"快***子"
1015481757;"None"
1029776271;"None"
1047028718;"北***哟"
1051385872;"None"
1061569763;"电***3"
1071251389;"想***丿"
1072782992;"跟***爱"
1088295665;"None"
1089210878;"y***啊"
1104572163;"k***6"
1120413410;"A***4"
1134301492;"None"
1146974908;"None"
1153321633;"p***4"
1202886452;"M***5"
1221708646;"None"
1225662293;"None"
1228800616;"S***6"
1304005082;"None"
1355733841;"陶***明"
1357000344;"D***9"
1395111729;"None"
1437087626;"Z***2"
1446992996;"None"
1447214302;"l***0"
1456633425;"z***2"
1472185943;"None"
1482021375;"i***6"
1486808493;"None"
1497073001;"None"
1523960911;"G***4"
1546391776;"None"
1558338304;"None"
1576760188;"随***灬"
1595040488;"None"
1601696289;"None"
1601849331;"m***7"
1616901192;"丶***呀"
1628159540;"y***2"
1663985731;"芒***的"
1671665614;"None"
1700950629;"M***3"
1711239934;"o***7"
1735926824;"A***丫"
1741653885;"None"
1749497680;"None"
1759113835;"漫***者"
1774003842;"E***0"
1778577557;"None"
1798021138;"None"
1802289751;"None"
1803380378;"H***1"
1806545167;"e***3"
1807111598;"P***0"
1810364643;"Z***0"
1811628018;"F***8"
1812363742;"T***3"
1816494531;"None"
1825271097;"o***4"
1849774659;"None"
1853435355;"i***9"
1857922480;"U***9"
1872944216;"z***j"
1883448736;"E***5"
1899119739;"Y***9"
1899701516;"余***生"
1927483317;"None"
1933083900;"None"
1940926895;"None"
1955921454;"E***4"
1956360412;"V***3"
2207327474;"None"
2208586406;"None"
2215056713;"R***9"
2226716725;"S***4"
2231064043;"c***4"
2254404385;"None"
2258797016;"W***9"
2260166331;"None"
2262777367;"H***3"
2271459778;"勿***8"
2272184863;"l***4"
2275735432;"B***4"
2276606008;"None"
2298041743;"None"
2299003350;"屺*"
2300269285;"e***1"
2335342528;"f***0"
2337170076;"u***4"
2342470535;"w***9"
2359866478;"a***8"
2366422633;"None"
2388362407;"None"
2391828015;"None"
2400484272;"I***7"
2407814566;"None"
2443489584;"逢***c"
2449089907;"p***9"
2454775292;"陈***0"
2470897959;"甜***2"
2472501631;"爱***爱"
2474478658;"Q***6"
2477990131;"None"
2496510119;"y***0"
2511576326;"None"
2525460745;"p***9"
2531811602;"None"
2533967691;"磊***C"
2544279440;"r***3"
2549640270;"雯***l"
2552374025;"None"
2555306132;"None"
2558229249;"None"
2558272201;"None"
2558985983;"None"
2567087928;"V***l"
2575672328;"梦***我"
2576145456;"G***4"
2576361183;"聊***光"
2576367855;"z***0"
2578036238;"g***3"
2582725754;"S***5"
2591692128;"None"
2593926899;"D***4"
2595902070;"m***雪"
2644989369;"p***4"
2652519140;"O***6"
2665598561;"None"
2666552341;"None"
2689114712;"None"
2695783642;"空*"
2717812813;"None"
2719928764;"None"
2726842049;"None"
2751749677;"o***6"
2752360625;"一***4"
2755766399;"我***！"
2781624182;"x***1"
2782928236;"九***花"
2801909994;"M***9"
2807075966;"倒***5"
2812442023;"None"
2813491297;"X***7"
2815358200;"None"
2817233178;"R***7"
2832829482;"None"
2833405204;"None"
2835925060;"M***4"
2838513891;"y***9"
2857881032;"b***6"
2858993227;"None"
2884335776;"None"
2894872531;"O***7"
2899069540;"i***7"
2901133288;"H***8"
2904142008;"m***3"
2926328698;"None"
2926478527;"J***9"
2929262861;"None"
2947073865;"a***9"
2950362748;"None"
2962000779;"None"
2962218777;"殇***5"
2968482464;"None"
2969343579;"Y***9"
2970040710;"X***1"
2972903299;"None"
2986020075;"e***7"
2987018359;"w***9"
2993166883;"云***柚"
3001183984;"x***6"
